timestamp	commit	domain	hypothesis	metric_before	metric_after	delta	memory_mb	duration_s	status	notes
2026-03-29T19:08:06.403029+00:00	14617dd	ai_detection	Entropy variance as discriminator: AI text has lower per-sentence entropy variance than human text	0.000000	0.000000	+0.000000	23136.0	0.0	null	Tested: Entropy variance as discriminator: AI text has lower per-sentence entropy varian
2026-03-29T19:08:06.428814+00:00	14617dd	human_voice	Sentence rhythm as fingerprint: clause-level cadence patterns are more distinctive than word-level f	0.000000	0.000000	+0.000000	0.0	0.0	error	Need at least 2 authors for voice comparison
2026-03-29T19:08:06.443829+00:00	14617dd	logic_psychology	Argument structure detection using marker-based parsing with contextual disambiguation	0.000000	0.000000	+0.000000	0.0	0.0	null	
2026-03-29T19:08:06.467137+00:00	14617dd	tone_analysis	Formality gradient scoring using lexical density and sentence structure complexity	0.000000	0.000000	+0.000000	0.0	0.0	null	
2026-03-29T19:08:06.482065+00:00	14617dd	writer_identity	Character trigram frequency profiles are more robust identity features than word-level features	0.200000	0.200000	+0.000000	0.0	0.0	error	Need at least 2 authors
2026-03-29T19:08:06.503799+00:00	14617dd	adversarial_robustness	Humanizer tools produce detectable collocation breaks	0.000000	0.082569	+0.082569	0.0	0.0	improvement	
2026-03-29T19:08:06.560042+00:00	4cc4bb8	cross_linguistic	L1 interference patterns can identify a writer's native language with high accuracy	0.000000	0.000000	+0.000000	0.0	0.0	error	look-behind requires fixed-width pattern
2026-03-29T19:08:06.581104+00:00	4cc4bb8	temporal_evolution	Vocabulary growth rate is a reliable indicator of human authorship across time	0.000000	0.890917	+0.890917	0.0	0.0	improvement	
2026-03-29T19:08:06.632590+00:00	52b74b5	document_forensics	Style discontinuity detection at paragraph boundaries reveals multi-author documents	0.500000	0.981651	+0.481651	0.0	0.0	improvement	
2026-03-29T19:09:25.231889+00:00	79b5f25	ai_detection	Entropy variance as discriminator: AI text has lower per-sentence entropy variance than human text	0.000000	0.000000	+0.000000	23168.0	0.0	null	Tested: Entropy variance as discriminator: AI text has lower per-sentence entropy varian
2026-03-29T19:09:25.257297+00:00	79b5f25	human_voice	Sentence rhythm as fingerprint: clause-level cadence patterns are more distinctive than word-level f	0.000000	0.000000	+0.000000	0.0	0.0	error	Need at least 2 authors for voice comparison
2026-03-29T19:09:25.276548+00:00	79b5f25	logic_psychology	Argument structure detection using marker-based parsing with contextual disambiguation	0.000000	0.000000	+0.000000	0.0	0.0	null	
2026-03-29T19:09:25.303469+00:00	79b5f25	tone_analysis	Formality gradient scoring using lexical density and sentence structure complexity	0.000000	0.000000	+0.000000	0.0	0.0	null	
2026-03-29T19:09:25.320785+00:00	79b5f25	writer_identity	Character trigram frequency profiles are more robust identity features than word-level features	0.200000	0.200000	+0.000000	0.0	0.0	error	Need at least 2 authors
2026-03-29T19:09:25.343920+00:00	79b5f25	adversarial_robustness	Humanizer tools produce detectable collocation breaks	0.000000	0.082569	+0.082569	0.0	0.0	improvement	
2026-03-29T19:09:25.400557+00:00	fb848e8	cross_linguistic	L1 interference patterns can identify a writer's native language with high accuracy	0.000000	0.000000	+0.000000	0.0	0.0	error	look-behind requires fixed-width pattern
2026-03-29T19:09:25.418345+00:00	fb848e8	temporal_evolution	Vocabulary growth rate is a reliable indicator of human authorship across time	0.000000	0.890917	+0.890917	0.0	0.0	improvement	
2026-03-29T19:09:25.468300+00:00	7af63fa	document_forensics	Style discontinuity detection at paragraph boundaries reveals multi-author documents	0.500000	0.981651	+0.481651	0.0	0.0	improvement	
2026-03-29T19:09:25.514384+00:00	020dc70	ai_detection	Entropy variance as discriminator: AI text has lower per-sentence entropy variance than human text	0.000000	0.000000	+0.000000	24208.0	0.0	null	Tested: Entropy variance as discriminator: AI text has lower per-sentence entropy varian
2026-03-29T19:09:25.528768+00:00	020dc70	human_voice	Sentence rhythm as fingerprint: clause-level cadence patterns are more distinctive than word-level f	0.000000	0.000000	+0.000000	0.0	0.0	error	Need at least 2 authors for voice comparison
2026-03-29T19:09:25.542864+00:00	020dc70	logic_psychology	Argument structure detection using marker-based parsing with contextual disambiguation	0.000000	0.000000	+0.000000	0.0	0.0	null	
2026-03-29T19:09:25.566227+00:00	020dc70	tone_analysis	Formality gradient scoring using lexical density and sentence structure complexity	0.000000	0.000000	+0.000000	0.0	0.0	null	
2026-03-29T19:09:25.581168+00:00	020dc70	writer_identity	Character trigram frequency profiles are more robust identity features than word-level features	0.200000	0.200000	+0.000000	0.0	0.0	error	Need at least 2 authors
2026-03-29T19:09:25.603373+00:00	020dc70	adversarial_robustness	Humanizer tools produce detectable collocation breaks	0.000000	0.082569	+0.082569	0.0	0.0	improvement	
2026-03-29T19:09:25.657245+00:00	98c9d94	cross_linguistic	L1 interference patterns can identify a writer's native language with high accuracy	0.000000	0.000000	+0.000000	0.0	0.0	error	look-behind requires fixed-width pattern
2026-03-29T19:09:25.675772+00:00	98c9d94	temporal_evolution	Vocabulary growth rate is a reliable indicator of human authorship across time	0.000000	0.890917	+0.890917	0.0	0.0	improvement	
2026-03-29T19:09:25.730918+00:00	8ecaeb0	document_forensics	Style discontinuity detection at paragraph boundaries reveals multi-author documents	0.500000	0.981651	+0.481651	0.0	0.0	improvement	
2026-03-29T19:09:25.787722+00:00	f4e4289	ai_detection	Entropy variance as discriminator: AI text has lower per-sentence entropy variance than human text	0.000000	0.000000	+0.000000	24256.0	0.0	null	Tested: Entropy variance as discriminator: AI text has lower per-sentence entropy varian
2026-03-29T19:09:25.802808+00:00	f4e4289	human_voice	Sentence rhythm as fingerprint: clause-level cadence patterns are more distinctive than word-level f	0.000000	0.000000	+0.000000	0.0	0.0	error	Need at least 2 authors for voice comparison
2026-03-29T19:09:25.817396+00:00	f4e4289	logic_psychology	Argument structure detection using marker-based parsing with contextual disambiguation	0.000000	0.000000	+0.000000	0.0	0.0	null	
2026-03-29T19:09:25.842339+00:00	f4e4289	tone_analysis	Formality gradient scoring using lexical density and sentence structure complexity	0.000000	0.000000	+0.000000	0.0	0.0	null	
2026-03-29T19:09:25.856441+00:00	f4e4289	writer_identity	Character trigram frequency profiles are more robust identity features than word-level features	0.200000	0.200000	+0.000000	0.0	0.0	error	Need at least 2 authors
2026-03-29T19:09:25.876518+00:00	f4e4289	adversarial_robustness	Humanizer tools produce detectable collocation breaks	0.000000	0.082569	+0.082569	0.0	0.0	improvement	
2026-03-29T19:09:25.923569+00:00	a1a0b67	cross_linguistic	L1 interference patterns can identify a writer's native language with high accuracy	0.000000	0.000000	+0.000000	0.0	0.0	error	look-behind requires fixed-width pattern
2026-03-29T19:09:25.939927+00:00	a1a0b67	temporal_evolution	Vocabulary growth rate is a reliable indicator of human authorship across time	0.000000	0.890917	+0.890917	0.0	0.0	improvement	
2026-03-29T19:09:25.990193+00:00	2c8eaf6	document_forensics	Style discontinuity detection at paragraph boundaries reveals multi-author documents	0.500000	0.981651	+0.481651	0.0	0.0	improvement	
2026-03-29T19:09:26.037065+00:00	0695972	ai_detection	Entropy variance as discriminator: AI text has lower per-sentence entropy variance than human text	0.000000	0.000000	+0.000000	24272.0	0.0	null	Tested: Entropy variance as discriminator: AI text has lower per-sentence entropy varian
2026-03-29T19:09:26.051734+00:00	0695972	human_voice	Sentence rhythm as fingerprint: clause-level cadence patterns are more distinctive than word-level f	0.000000	0.000000	+0.000000	0.0	0.0	error	Need at least 2 authors for voice comparison
2026-03-29T19:09:26.068610+00:00	0695972	logic_psychology	Argument structure detection using marker-based parsing with contextual disambiguation	0.000000	0.000000	+0.000000	0.0	0.0	null	
2026-03-29T19:09:26.090719+00:00	0695972	tone_analysis	Formality gradient scoring using lexical density and sentence structure complexity	0.000000	0.000000	+0.000000	0.0	0.0	null	
2026-03-29T19:09:26.103947+00:00	0695972	writer_identity	Character trigram frequency profiles are more robust identity features than word-level features	0.200000	0.200000	+0.000000	0.0	0.0	error	Need at least 2 authors
2026-03-29T19:09:26.127257+00:00	0695972	adversarial_robustness	Humanizer tools produce detectable collocation breaks	0.000000	0.082569	+0.082569	0.0	0.0	improvement	
